<QVisu>
    <connection type="smartvisu" log="c:/temp/qv.log">hausmeister.fritz.box:2424</connection>
    <path>C:\Users\max\QVisu\svg</path>
    <path>C:\Users\max\QVisu</path>
    <dimensions>
        <w>10</w>
        <h>7</h>
    </dimensions>
    <container name="permanent">
        <element type="selector" position="0,0" width="4">
            <color>mauve</color>
            <active-color>emerald</active-color>
            <text>Startseite</text>
            <target>main</target>
			<icon>control_home.svg</icon>
			<item action="value">#date-de-weekday</item>
			<item action="value">#time-seconds</item>
			<item action="status" icon="message_caution.svg,message_ok.svg">#driver-status</item>
			<item action="value">#driver-statustext</item>
		</element>
        <element type="selector" position="4,3" width="3">
            <color>mauve</color>
            <active-color>emerald</active-color>
            <icon>control_building_kg.svg</icon>
            <text>Keller</text>
            <target>keller</target>
            <item action="status" icon="light_light.svg">keller.leuchten</item>
        </element>
        <element type="selector" position="7,3" width="3">
            <color>mauve</color>
            <active-color>emerald</active-color>
            <icon>control_building_kg.svg</icon>
            <text>Außen</text>
            <target>aussen</target>
            <item action="status" icon="light_light.svg">aussen.leuchten</item>
        </element>
        <element type="selector" position="4,2" width="2">
            <color>mauve</color>
            <active-color>emerald</active-color>
            <icon>scene_cooking_alternat.svg</icon>
            <text>Küche</text>
            <target>eg.kueche</target>
            <item action="status" icon="light_light.svg">eg.kueche.leuchten</item>
            <item action="value" unit="&#176;C" precision="1">eg.kueche.heizung.temperatur.ist</item>
        </element>
        <element type="selector" position="6,2" width="2">
            <color>mauve</color>
            <active-color>emerald</active-color>
            <icon>scene_hall.svg</icon>
            <text>Flur</text>
            <target>eg.eingang</target>
            <item action="status" icon="light_light.svg">eg.eingang.leuchten</item>
            <item action="value" unit="&#176;C" precision="1">eg.eingang.heizung.temperatur.ist</item>
        </element>
        <element type="selector" position="8,2" width="2">
            <color>mauve</color>
            <active-color>emerald</active-color>
            <icon>scene_living.svg</icon>
            <text>Wohnzimmer</text>
            <target>eg.wohnzimmer</target>
            <item action="status" icon="light_light.svg">eg.wohnzimmer.leuchten</item>
            <item action="value" unit="&#176;C" precision="1">eg.wohnzimmer.heizung.temperatur.ist</item>
        </element>

        <element type="selector" position="4,1" width="2">
            <color>mauve</color>
            <active-color>emerald</active-color>
            <icon>scene_sleeping.svg</icon>
            <text>Schlafzimmer</text>
            <target>og.ost</target>
            <item action="status" icon="light_light.svg">og.ost.leuchten.decke</item>
            <item action="value" unit="&#176;C" precision="1">og.ost.heizung.temperatur.ist</item>
        </element>
        <element type="selector" position="6,1" width="2">
            <color>mauve</color>
            <active-color>emerald</active-color>
            <icon>scene_bathroom.svg</icon>
            <text>Bad</text>
            <target>og.bad</target>
            <item action="status" icon="light_light.svg">og.bad.leuchten</item>
            <item action="value" unit="&#176;C" precision="1">og.bad.heizung.temperatur.ist</item>
            <item action="value" name="rF" unit="%" precision="0">og.bad.heizung.feuchte</item>
        </element>
        <element type="selector" position="8,1" width="2">
            <color>mauve</color>
            <active-color>emerald</active-color>
            <icon>scene_office.svg</icon>
            <text>Arbeitszimmer</text>
            <target>og.west</target>
            <item action="status" icon="light_light.svg">og.west.leuchten</item>
            <item action="value" unit="&#176;C" precision="1">og.west.heizung.temperatur.ist</item>
        </element>

		<element type="selector" position="4,0" width="2">
            <color>mauve</color>
            <active-color>emerald</active-color>
            <icon>scene_childs_room.svg</icon>
            <text>Moritz</text>
            <target>dg.ost</target>
            <item action="status" icon="light_light.svg">dg.ost.leuchten</item>
            <item action="value" unit="&#176;C" precision="1">dg.ost.heizung.temperatur.ist</item>
        </element>
        <element type="selector" position="6,0" width="2">
            <color>mauve</color>
            <active-color>emerald</active-color>
            <icon>scene_bathroom.svg</icon>
            <text>Bad</text>
            <target>dg.bad</target>
            <item action="status" icon="light_light.svg">dg.bad.leuchten.decke</item>
            <item action="value" unit="&#176;C" precision="1">dg.bad.heizung.temperatur.ist</item>
            <item action="value" name="rF" unit="%" precision="0">dg.bad.heizung.feuchte</item>
        </element>
        <element type="selector" position="8,0" width="2">
            <color>mauve</color>
            <active-color>emerald</active-color>
            <icon>scene_childs_room.svg</icon>
            <text>Helena</text>
            <target>dg.west</target>
            <item action="status" icon="light_light.svg">dg.west.leuchten</item>
            <item action="value" unit="&#176;C" precision="1">dg.west.heizung.temperatur.ist</item>
        </element>
    </container>
    <container name="main">
		<element type="weather" position="4,4">
            <latitude>48.82</latitude>
            <longitude>9.12</longitude>
            <color>indigo</color>
        </element>
		<element type="fritzbox" position="0,1" height="2">
            <server>fritz.box</server>
            <username>user</username>
            <password>geheim</password>
            <show>missed</show>
        </element>
		<element type="calendar" position="0,3" height="2">
            <calendar-id>my_id</calendar-id>
            <max-days>30</max-days>
		</element>
		<element type="video" position="0,5" width="4" height="2">
			<color>#ff00ff</color>
			<url>rtsp://user:password@kamera:554/PSIA/streaming/channels/102</url>
		</element>
	</container>
	<container name="aussen">
		<element type="switch" position="0,1">
            <sw-icon>message_socket.svg</sw-icon>
            <text>Steckdosen Terrasse</text>
            <item action="switch">aussen.steckdosen</item>
        </element>
		<element type="switch" position="2,1">
            <sw-icon>light_wall_2.svg</sw-icon>
            <text>Leuchten Terrasse</text>
            <item action="switch">aussen.leuchten.terrasse</item>
        </element>
		<element type="switch" position="0,3">
            <sw-icon>hausnummer.svg,hausnummer_on.svg</sw-icon>
            <item action="switch">aussen.leuchten.hausnummer</item>
        </element>
		<element type="switch" position="2,3">
            <sw-icon>light_corridor.svg</sw-icon>
            <text>Eingang</text>
            <item action="switch">aussen.leuchten.vordach</item>
        </element>
		<element type="switch" position="0,5">
            <sw-icon>light_wall_3.svg</sw-icon>
            <text>Zugang Garten</text>
            <item action="switch">aussen.leuchten.erker</item>
        </element>
		<element type="status" position="2,5">
            <sw-icon>light_wall_3.svg</sw-icon>
            <text>Zugang Nachbarn</text>
            <item action="switch">aussen.leuchten.ostwand</item>
        </element>
	</container>
	<container name="eg.wohnzimmer">
		<element type="switch" position="0,1">
            <sw-icon>light_ceiling_light.svg</sw-icon>
            <text>Deckenleuchte</text>
            <item action="switch">eg.wohnzimmer.leuchten.mitte</item>
        </element>
		<element type="switch" position="2,1">
            <sw-icon>light_downlight.svg</sw-icon>
            <text>Nordwand</text>
            <item action="switch">eg.wohnzimmer.leuchten.nordwand</item>
        </element>
       <element type="shutter" position="0,5">
            <text>RL links</text>
            <item action="up-down">eg.wohnzimmer.rolladen.links.aufab</item>
            <item action="stop">eg.wohnzimmer.rolladen.links.stop</item>
            <item action="position">eg.wohnzimmer.rolladen.links.prozent</item>
        </element>
       <element type="shutter" position="2,5">
            <text>RL rechts</text>
            <item action="up-down">eg.wohnzimmer.rolladen.rechts.aufab</item>
            <item action="stop">eg.wohnzimmer.rolladen.rechts.stop</item>
            <item action="position">eg.wohnzimmer.rolladen.rechts.prozent</item>
        </element>
       <element type="shutter" position="2,3">
            <text>RL Süd</text>
            <item action="up-down">eg.wohnzimmer.rolladen.sued.aufab</item>
            <item action="stop">eg.wohnzimmer.rolladen.sued.stop</item>
            <item action="position">eg.wohnzimmer.rolladen.sued.prozent</item>
        </element>
        <element type="heating" position="0,3" width="2">
            <text>Heizung WoZi</text>
			<color>sienna</color>
            <item action="temp-value">eg.wohnzimmer.heizung.temperatur.ist</item>
            <item action="temp-setpoint" step="0.5">eg.wohnzimmer.heizung.temperatur.soll</item>
            <item action="value" label="rF" unit="%" precision="0">eg.wohnzimmer.heizung.feuchte</item>
        </element>
        <element type="plot" position="4,5" width="6" height="2">
            <color>mauve</color>
            <background-color>#e0e0e0</background-color>
            <time-min>24h</time-min>
            <axis1 ymin="0">
                <item action="avg" color="red">eg.wohnzimmer.heizung.temperatur.ist</item>
            </axis1>
        </element>
 	</container>
	<container name="og.ost">
		<element type="switch" position="0,1">
            <sw-icon>light_ceiling_light.svg</sw-icon>
            <text>Licht</text>
            <item action="switch">og.ost.leuchten.decke</item>
        </element>
       <element type="shutter" position="2,5">
            <text>Rolladen</text>
            <item action="up-down">og.ost.rolladen.aufab</item>
            <item action="stop">og.ost.rolladen.stop</item>
            <item action="position">og.ost.rolladen.prozent</item>
        </element>
        <element type="heating" position="0,5" width="2">
            <text>Heizung</text>
			<color>sienna</color>
            <item action="temp-value">og.ost.heizung.temperatur.ist</item>
            <item action="temp-setpoint" step="0.5">og.ost.heizung.temperatur.soll</item>
        </element>
        <element type="plot" position="6,5" width="4" height="2">
            <color>mauve</color>
            <background-color>#e0e0e0</background-color>
            <time-min>24h</time-min>
            <axis1>
                <item action="avg" color="red">og.ost.heizung.temperatur.ist</item>
            </axis1>
        </element>
 	</container>
	<container name="og.west">
		<element type="switch" position="0,1">
            <sw-icon>light_ceiling_light.svg</sw-icon>
            <text>Decke</text>
            <item action="switch">og.west.leuchten.mitte</item>
        </element>
		<element type="switch" position="2,1">
            <sw-icon>light_downlight.svg</sw-icon>
            <text>Fernseher</text>
            <item action="switch">og.west.leuchten.nord</item>
        </element>
		<element type="switch" position="0,3">
            <sw-icon>light_wall_2.svg</sw-icon>
            <text>Wandleuchte</text>
            <item action="switch">og.west.leuchten.wand</item>
        </element>
		<element type="switch" position="2,3">
            <sw-icon>light_office_desk.svg</sw-icon>
            <text>Schreibtisch</text>
            <item action="switch">og.west.leuchten.nord</item>
        </element>
       <element type="shutter" position="2,5">
            <text>Rolladen</text>
            <item action="up-down">og.west.rolladen.aufab</item>
            <item action="stop">og.west.rolladen.stop</item>
            <item action="position">og.west.rolladen.prozent</item>
        </element>
       <element type="shutter" position="4,5">
            <text>Jalousie</text>
            <item action="up-down">og.west.jalousie.aufab</item>
            <item action="stop">og.west.rolladen.stop</item>
            <item action="position">og.west.jalousie.prozent</item>
        </element>
        <element type="heating" position="0,5" width="2">
            <text>Heizung WoZi</text>
			<color>sienna</color>
            <item action="temp-value">og.west.heizung.temperatur.ist</item>
            <item action="temp-setpoint" step="0.5">og.west.heizung.temperatur.soll</item>
        </element>
        <element type="plot" position="6,5" width="4" height="2">
            <color>mauve</color>
            <background-color>#e0e0e0</background-color>
            <time-min>24h</time-min>
            <axis1 ymin="0">
                <item action="avg" color="red">og.west.heizung.temperatur.ist</item>
            </axis1>
        </element>
 	</container>
	<container name="eg.kueche">
		<element type="switch" position="0,1">
            <sw-icon>light_ceiling_light.svg</sw-icon>
            <text>Esstisch</text>
            <item action="switch">eg.wohnzimmer.leuchten.mitte</item>
        </element>
		<element type="switch" position="2,1">
            <sw-icon>light_downlight.svg</sw-icon>
            <text>Nordwand</text>
            <item action="switch">eg.wohnzimmer.leuchten.nordwand</item>
        </element>
       <element type="shutter" position="2,3">
            <text>Rolladen</text>
            <item action="up-down">eg.kueche.rolladen.links.aufab</item>
            <item action="stop">eg.kueche.rolladen.stop</item>
            <item action="position">eg.kueche.rolladen.links.prozent</item>
            <item action="up-down2">eg.kueche.rolladen.rechts.aufab</item>
            <item action="stop2">eg.kueche.rolladen.stop</item>
            <item action="position2">eg.kueche.rolladen.rechts.prozent</item>
        </element>
       <element type="shutter" position="0,5">
            <text>Jalousie links</text>
            <item action="up-down">eg.kueche.jalousie.links.aufab</item>
            <item action="stop">eg.kueche.jalousie.links.stop</item>
            <item action="position">eg.kueche.jalousie.links.position</item>
            <item action="blade-position">eg.kueche.jalousie.links.lamellen</item>
        </element>
       <element type="shutter" position="2,5">
            <text>Jalousie links</text>
            <item action="up-down">eg.kueche.jalousie.rechts.aufab</item>
            <item action="stop">eg.kueche.jalousie.rechts.stop</item>
            <item action="position">eg.kueche.jalousie.rechts.position</item>
            <item action="blade-position">eg.kueche.jalousie.rechts.lamellen</item>
        </element>
        <element type="heating" position="0,3" width="2">
            <text>Heizung WoZi</text>
			<color>sienna</color>
            <item action="temp-value">eg.wohnzimmer.heizung.temperatur.ist</item>
            <item action="temp-setpoint" step="0.5">eg.wohnzimmer.heizung.temperatur.soll</item>
            <item action="value" label="rF" unit="%" precision="0">eg.wohnzimmer.heizung.feuchte</item>
        </element>
        <element type="plot" position="4,5" width="6" height="2">
            <color>mauve</color>
            <background-color>#e0e0e0</background-color>
            <time-min>24h</time-min>
            <axis1 ymin="0">
                <item action="avg" color="red">eg.wohnzimmer.heizung.temperatur.ist</item>
            </axis1>
        </element>
 	</container>
	<container name="xx">
		<element type="switch" position="0,0">
            <icon>control_building_int_kg.svg</icon>
            <text>Werkstatt</text>
 <!--           <sw-icon>light_light.svg</sw-icon> -->
            <item action="switch">keller.werkstatt.leuchten.wand</item>
        </element>
        <element type="switch" position="2,0">
<!--            <icon>control_building_int_og.svg</icon>  -->
            <text>Heizraum</text>
            <sw-icon>light_light.svg</sw-icon>
            <item action="switch">keller.heizraum.leuchten.wand</item>
        </element>
        <element type="plot" position="0,6" width="8" height="3">
            <icon>control_building_int_og.svg</icon>
            <color>mauve</color>
            <background-color>#ffffff</background-color>
            <text>OG West</text>
            <time-min>24h</time-min>
            <axis1 ymin="20">
                <item action="avg" color="red">og.ost.heizung.temperatur.ist</item>
                <item action="avg" color="cyan">og.bad.heizung.temperatur.ist</item>
            </axis1>
            <axis2 ymin="20">
                <item action="avg" color="#8080ff" name="Feuchte Bad">og.bad.heizung.feuchte</item>
                <item action="avg" color="emerald">dg.ost.heizung.feuchte</item>
            </axis2>
        </element>
        <element type="switch" position="2,4">
            <icon>control_building_int_eg.svg</icon>
            <text>WoZi</text>
            <item action="switch">eg.wohnzimmer.leuchten.nordwand</item>
        </element>

        <element type="heating" position="0,2" width="4">
            <icon>weather_rain_heavy.svg</icon>
            <text>Heizung</text>
            <item action="temp-value">og.west.heizung.temperatur.ist</item>
            <item action="temp-setpoint" step="0.5">og.west.heizung.temperatur.soll</item>
            <item action="value" label="rF" unit="%" precision="0">og.bad.heizung.feuchte</item>
            <item action="value" unit="ppm">dg.bad.heizung.temperatur.ist</item>
            <item action="switch" icon="svg/sani_cooling.svg">og.west.leuchten.wand</item>
            <item action="status" icon="svg/sani_heating.svg">og.west.leuchten.erker</item>
        </element>
        <element type="switch" position="4,0">
            <text>OG West</text>
            <sw-icon>light_light.svg</sw-icon>
            <item action="switch">og.west.leuchten.mitte</item>
        </element>
        <element type="switch" position="4,4" mini="0">
            <text>Mini</text>
            <sw-icon>light_light.svg</sw-icon>
            <item action="switch">og.west.leuchten.nord</item>
        </element>
        <element type="dimmer" position="0,2" width="6">
            <text>Dimmer Test</text>
            <icon>weather_cloudy.svg</icon>
            <sw-icon>light_light.svg</sw-icon>
            <item action="switch">dg.bad.leuchten.decke</item>
            <item action="dimmer" max-value="255" type="int">dg.bad.leuchten.decke.dimmer</item>
        </element>
        <element type="shutter" position="0,4">
            <icon>control_building_int_og.svg</icon>
            <text>RL OG West</text>
            <item action="up-down">og.west.rolladen.aufab</item>
            <item action="stop">og.west.rolladen.stop</item>
            <item action="position">og.west.rolladen.prozent</item>
        </element>
    </container>
    <container name="Heizung">
    <element type="heating" position="0,4">
        <text>Küche</text>
        <item action="temp-value">eg.kueche.heizung.temperatur.ist</item>
        <item action="value" label="rF" unit="%" precision="0">eg.kueche.heizung.feuchte</item>
    </element>
    <element type="heating" position="2,4">
        <text>Eingang</text>
        <item action="temp-value">eg.eingang.heizung.temperatur.ist</item>
        <item action="value" label="rF" unit="%" precision="0">eg.eingang.heizung.feuchte</item>
    </element>
    <element type="heating" position="4,4">
        <text>WoZi</text>
        <item action="temp-value">eg.wohnzimmer.heizung.temperatur.ist</item>
        <item action="value" label="rF" unit="%" precision="0">eg.wohnzimmer.heizung.feuchte</item>
    </element>
    <element type="heating" position="0,2">
        <text>Gäste</text>
        <item action="temp-value">og.ost.heizung.temperatur.ist</item>
        <item action="value" label="rF" unit="%" precision="0">og.ost.heizung.feuchte</item>
    </element>
    <element type="heating" position="2,2">
        <text>Bad OG</text>
        <item action="temp-value">og.bad.heizung.temperatur.ist</item>
        <item action="value" label="rF" unit="%" precision="0">og.bad.heizung.feuchte</item>
    </element>
    <element type="heating" position="4,2">
        <text>Arbeitszimmer</text>
        <item action="temp-value">og.west.heizung.temperatur.ist</item>
        <item action="value" label="rF" unit="%" precision="0">og.west.heizung.feuchte</item>
    </element>
    <element type="heating" position="0,0">
        <text>Schlafzimmer</text>
        <item action="temp-value">dg.ost.heizung.temperatur.ist</item>
        <item action="value" label="rF" unit="%" precision="0">dg.ost.heizung.feuchte</item>
    </element>
    <element type="heating" position="2,0">
        <text>Bad DG</text>
        <item action="temp-value">dg.bad.heizung.temperatur.ist</item>
        <item action="value" label="rF" unit="%" precision="0">dg.bad.heizung.feuchte</item>
    </element>
    <element type="heating" position="4,0">
        <text>Helena</text>
        <item action="temp-value">dg.west.heizung.temperatur.ist</item>
        <item action="value" label="rF" unit="%" precision="0">dg.west.heizung.feuchte</item>
     </element>
     </container>
</QVisu>
